-- カテゴリテーブル
INSERT IGNORE INTO categories (id, name) VALUES(1, '居酒屋');
INSERT IGNORE INTO categories (id, name) VALUES(2, '焼肉');
INSERT IGNORE INTO categories (id, name) VALUES(3, '寿司');
INSERT IGNORE INTO categories (id, name) VALUES(4, 'ラーメン');
INSERT IGNORE INTO categories (id, name) VALUES(5, '定食');
INSERT IGNORE INTO categories (id, name) VALUES(6, 'カレー');
INSERT IGNORE INTO categories (id, name) VALUES(7, '喫茶店');
INSERT IGNORE INTO categories (id, name) VALUES(8, '中華料理');
INSERT IGNORE INTO categories (id, name) VALUES(9, 'イタリア料理');
INSERT IGNORE INTO categories (id, name) VALUES(10, 'フランス料理');
INSERT IGNORE INTO categories (id, name) VALUES(11, 'スペイン料理');
INSERT IGNORE INTO categories (id, name) VALUES(12, '韓国料理');
INSERT IGNORE INTO categories (id, name) VALUES(13, 'タイ料理');
INSERT IGNORE INTO categories (id, name) VALUES(14, '海鮮料理');
INSERT IGNORE INTO categories (id, name) VALUES(15, 'ステーキ');
INSERT IGNORE INTO categories (id, name) VALUES(16, 'ハンバーグ');
INSERT IGNORE INTO categories (id, name) VALUES(17, 'ハンバーガー');
INSERT IGNORE INTO categories (id, name) VALUES(18, 'そば');
INSERT IGNORE INTO categories (id, name) VALUES(19, 'うどん');
INSERT IGNORE INTO categories (id, name) VALUES(20, 'お好み焼き');
INSERT IGNORE INTO categories (id, name) VALUES(21, 'たこ焼き');
INSERT IGNORE INTO categories (id, name) VALUES(22, '鍋料理');
INSERT IGNORE INTO categories (id, name) VALUES(23, 'バー');
INSERT IGNORE INTO categories (id, name) VALUES(24, 'パン');
INSERT IGNORE INTO categories (id, name) VALUES(25, 'スイーツ');
INSERT IGNORE INTO categories (id, name) VALUES(26, '和食');
INSERT IGNORE INTO categories (id, name) VALUES(27, 'おでん');
INSERT IGNORE INTO categories (id, name) VALUES(28, '焼き鳥');
INSERT IGNORE INTO categories (id, name) VALUES(29, 'すき焼き');
INSERT IGNORE INTO categories (id, name) VALUES(30, 'しゃぶしゃぶ');
INSERT IGNORE INTO categories (id, name) VALUES(31, '天ぷら');
INSERT IGNORE INTO categories (id, name) VALUES(32, '揚げ物');
INSERT IGNORE INTO categories (id, name) VALUES(33, '丼物');
INSERT IGNORE INTO categories (id, name) VALUES(34, '鉄板焼き');

-- restaurantsテーブル
INSERT IGNORE INTO restaurants (id, name, image_name, description, lowest_price, highest_price, postal_code, address, opening_time, regular_holiday, seating_capacity, category_id) VALUES (1, '名古屋 今井屋本店', 'restaurant01.jpg', '最寄り駅から徒歩10分。', 2000, 6000, '073-0145', '愛知県名古屋市中村区名駅４－7－1ミッドランドスクエア4F', '17:00~21:00', '月', 40, 28);
INSERT IGNORE INTO restaurants (id, name, image_name, description, lowest_price, highest_price, postal_code, address, opening_time, regular_holiday, seating_capacity, category_id) VALUES (2, 'シェフの肉料理と花畑牧場チーズ', 'restaurant02.jpg', '最寄り駅から徒歩10分。', 2000, 5000, '030-0945', '愛知県名古屋市中村区名駅南１丁目19-13', '17:00~21:00', '水', 30 ,1);
INSERT IGNORE INTO restaurants (id, name, image_name, description, lowest_price, highest_price, postal_code, address, opening_time, regular_holiday, seating_capacity, category_id) VALUES (3, '肉と魚と名古屋めし', 'restaurant03.jpg', '最寄り駅から徒歩10分。', 3000, 5000, '029-5618', '愛知県名古屋市中村区名駅３－１８－５　モンマートビル２F', '17:00~21:00', '水', 42, 1);
INSERT IGNORE INTO restaurants (id, name, image_name, description, lowest_price, highest_price, postal_code, address, opening_time, regular_holiday, seating_capacity, category_id) VALUES (4, '純系名古屋コーチン 樞 (くるる)', 'restaurant04.jpg', '最寄り駅から徒歩10分。', 4000, 7000, '989-0555', '愛知県名古屋市中村区名駅４-3-11', '17:00~21:00', '水', 42, 26);
INSERT IGNORE INTO restaurants (id, name, image_name, description, lowest_price, highest_price, postal_code, address, opening_time, regular_holiday, seating_capacity, category_id) VALUES (5, '大衆＆個室 祭酒場', 'restaurant05.jpg', '最寄り駅から徒歩10分。', 5000, 10000, '018-2661', '愛知県名古屋市中村区名駅３丁目２６－２４　１Ｆ', '17:00~21:00', '水', 42, 1);
INSERT IGNORE INTO restaurants (id, name, image_name, description, lowest_price, highest_price, postal_code, address, opening_time, regular_holiday, seating_capacity, category_id) VALUES (6, '熱烈的中華　四川菜園', 'restaurant06.jpg', '最寄り駅から徒歩10分。', 5000, 10000, '999-6708', '愛知県名古屋市中村区名駅３－15－８　名駅グルメプラザ６Ｆ', '10:00~21:00', '水', 42, 8);
INSERT IGNORE INTO restaurants (id, name, image_name, description, lowest_price, highest_price, postal_code, address, opening_time, regular_holiday, seating_capacity, category_id) VALUES (7, '豚骨麺屋 一番軒', 'restaurant07.jpg', '最寄り駅から徒歩10分。', 3000, 6000, '969-5147', '愛知県名古屋市西区則武新町３-1-17', '10:00~21:00', '水', 42, 4);
INSERT IGNORE INTO restaurants (id, name, image_name, description, lowest_price, highest_price, postal_code, address, opening_time, regular_holiday, seating_capacity, category_id) VALUES (8, '鮨食人 五と二', 'restaurant08.jpg', '最寄り駅から徒歩10分。', 2000, 5000, '310-0021', '愛知県名古屋市中村区椿町19-7', '10:00~21:00', '水', 42, 3);
INSERT IGNORE INTO restaurants (id, name, image_name, description, lowest_price, highest_price, postal_code, address, opening_time, regular_holiday, seating_capacity, category_id) VALUES (9, 'No.9　by セコンダバンビーナ', 'restaurant09.jpg', '最寄り駅から徒歩10分。', 1000, 5000, '323-1101', '愛知県名古屋市中村区名駅３-23-14', '10:00~21:00', '木', 42, 9);
INSERT IGNORE INTO restaurants (id, name, image_name, description, lowest_price, highest_price, postal_code, address, opening_time, regular_holiday, seating_capacity, category_id) VALUES (10, 'Cafe & Bar　il Bamboccio', 'restaurant10.jpg', '最寄り駅から徒歩10分。', 1000, 6000, '370-0806', '愛知県名古屋市西区則武新町３-1-17', '17:00~21:00', '水', 42, 23);
INSERT IGNORE INTO restaurants (id, name, image_name, description, lowest_price, highest_price, postal_code, address, opening_time, regular_holiday, seating_capacity, category_id) VALUES (11, '米どころ', 'restaurant01.jpg', '最寄り駅から徒歩10分。', 6000, 10000, '344-0125', '愛知県名古屋市西区則武新町３-1-17', '17:00~21:00', '水', 42, 26);
INSERT IGNORE INTO restaurants (id, name, image_name, description, lowest_price, highest_price, postal_code, address, opening_time, regular_holiday, seating_capacity, category_id) VALUES (12, 'うまいどころ名古屋I', 'restaurant02.jpg', '最寄り駅から徒歩10分。', 5000, 10000, '272-0011', '愛知県名古屋市西区則武新町X-XX-XX', '17:00~21:00', '水', 42, 2);
INSERT IGNORE INTO restaurants (id, name, image_name, description, lowest_price, highest_price, postal_code, address, opening_time, regular_holiday, seating_capacity, category_id) VALUES (13, 'NAGOYAMESHI', 'restaurant03.jpg', '最寄り駅から徒歩10分。', 2000, 6000, '130-0023', '愛知県名古屋市西区則武新町X-XX-XX', '10:00~21:00', '水', 42, 2);
INSERT IGNORE INTO restaurants (id, name, image_name, description, lowest_price, highest_price, postal_code, address, opening_time, regular_holiday, seating_capacity, category_id) VALUES (14, 'MESHI NAGOYA', 'restaurant04.jpg', '最寄り駅から徒歩10分。', 3000, 5000, '240-0006', '愛知県名古屋市中村区名駅X-XX-XX', '10:00~21:00', '水', 42, 1);
INSERT IGNORE INTO restaurants (id, name, image_name, description, lowest_price, highest_price, postal_code, address, opening_time, regular_holiday, seating_capacity, category_id) VALUES (15, '名古屋ごはん', 'restaurant05.jpg', '最寄り駅から徒歩10分。', 1000, 6000, '950-0201', '愛知県名古屋市中村区名駅X-XX-XX', '17:00~21:00', '水', 42, 1);
INSERT IGNORE INTO restaurants (id, name, image_name, description, lowest_price, highest_price, postal_code, address, opening_time, regular_holiday, seating_capacity, category_id) VALUES (16, 'NAGOYA飯', 'restaurant06.jpg', '最寄り駅から徒歩10分。', 1000, 6000, '939-8155', '愛知県名古屋市中村区名駅X-XX-XX', '10:00~21:00', '水', 42, 1);
INSERT IGNORE INTO restaurants (id, name, image_name, description, lowest_price, highest_price, postal_code, address, opening_time, regular_holiday, seating_capacity, category_id) VALUES (17, '名古屋飯', 'restaurant07.jpg', '最寄り駅から徒歩10分。', 7000, 10000, '929-0111', '愛知県名古屋市中村区名駅X-XX-XX', '10:00~21:00', '水', 42, 4);
INSERT IGNORE INTO restaurants (id, name, image_name, description, lowest_price, highest_price, postal_code, address, opening_time, regular_holiday, seating_capacity, category_id) VALUES (18, 'なごや', 'restaurant08.jpg', '最寄り駅から徒歩10分。', 3000, 8000, '910-2354', '愛知県名古屋市中村区椿町X-XX-XX', '10:00~21:00', '木', 42, 3);
INSERT IGNORE INTO restaurants (id, name, image_name, description, lowest_price, highest_price, postal_code, address, opening_time, regular_holiday, seating_capacity, category_id) VALUES (19, '名古屋 侍', 'restaurant09.jpg', '最寄り駅から徒歩10分。', 3000, 7000, '403-0003', '愛知県名古屋市中村区椿町X-XX-XX', '10:00~21:00', '水', 42, 1);
INSERT IGNORE INTO restaurants (id, name, image_name, description, lowest_price, highest_price, postal_code, address, opening_time, regular_holiday, seating_capacity, category_id) VALUES (20, '侍荘', 'restaurant10.jpg', '最寄り駅から徒歩10分。', 1000, 5000, '395-0017', '愛知県名古屋市中村区椿町X-XX-XX', '10:00~21:00', '水', 42, 1);
INSERT IGNORE INTO restaurants (id, name, image_name, description, lowest_price, highest_price, postal_code, address, opening_time, regular_holiday, seating_capacity, category_id) VALUES (21, 'ゲスト 侍', 'restaurant01.jpg', '最寄り駅から徒歩10分。', 2000, 8000, '509-5147', '愛知県名古屋市中村区椿町X-XX-XX', '10:00~21:00', '水', 42, 1);
INSERT IGNORE INTO restaurants (id, name, image_name, description, lowest_price, highest_price, postal_code, address, opening_time, regular_holiday, seating_capacity, category_id) VALUES (22, '侍屋', 'restaurant02.jpg', '最寄り駅から徒歩10分。', 6000, 10000, '434-0002', '愛知県名古屋市中村区椿町X-XX-XX', '10:00~21:00', '水', 42, 1);
INSERT IGNORE INTO restaurants (id, name, image_name, description, lowest_price, highest_price, postal_code, address, opening_time, regular_holiday, seating_capacity, category_id) VALUES (23, 'なごや 侍', 'restaurant03.jpg', '最寄り駅から徒歩10分。', 4000, 8000, '444-3261', '愛知県豊田市東大林町X-XX-XX', '10:00~21:00', '水', 42, 1);
INSERT IGNORE INTO restaurants (id, name, image_name, description, lowest_price, highest_price, postal_code, address, opening_time, regular_holiday, seating_capacity, category_id) VALUES (24, '侍飯屋', 'restaurant04.jpg', '最寄り駅から徒歩10分。', 2000, 5000, '510-0201', '愛知県名古屋市中村区椿町X-XX-XX', '10:00~21:00', '水', 42, 1);
INSERT IGNORE INTO restaurants (id, name, image_name, description, lowest_price, highest_price, postal_code, address, opening_time, regular_holiday, seating_capacity, category_id) VALUES (25, '酒場侍', 'restaurant05.jpg', '最寄り駅から徒歩10分。', 1000, 6000, '520-2353', '愛知県名古屋市中村区椿町X-XX-XX', '10:00~21:00', '水', 42, 1);
INSERT IGNORE INTO restaurants (id, name, image_name, description, lowest_price, highest_price, postal_code, address, opening_time, regular_holiday, seating_capacity, category_id) VALUES (26, '酒場　ごはん', 'restaurant06.jpg', '最寄り駅から徒歩10分。', 6000, 10000, '612-8369', '愛知県名古屋市中村区椿町X-XX-XX', '10:00~21:00', '水', 42, 1);
INSERT IGNORE INTO restaurants (id, name, image_name, description, lowest_price, highest_price, postal_code, address, opening_time, regular_holiday, seating_capacity, category_id) VALUES (27, 'めし侍', 'restaurant07.jpg', '最寄り駅から徒歩10分。', 2000, 5000, '578-0915', '愛知県名古屋市中村区椿町X-XX-XX', '10:00~21:00', '水', 42, 4);
INSERT IGNORE INTO restaurants (id, name, image_name, description, lowest_price, highest_price, postal_code, address, opening_time, regular_holiday, seating_capacity, category_id) VALUES (28, '侍御膳', 'restaurant08.jpg', '最寄り駅から徒歩10分。', 3000, 7000, '655-0891', '愛知県名古屋市中村区椿町X-XX-XX', '10:00~21:00', '水', 42, 3);
INSERT IGNORE INTO restaurants (id, name, image_name, description, lowest_price, highest_price, postal_code, address, opening_time, regular_holiday, seating_capacity, category_id) VALUES (29, '白米侍', 'restaurant09.jpg', '最寄り駅から徒歩10分。', 5000, 8000, '630-1126', '愛知県名古屋市中村区椿町X-XX-XX', '10:00~21:00', '水', 42, 1);
INSERT IGNORE INTO restaurants (id, name, image_name, description, lowest_price, highest_price, postal_code, address, opening_time, regular_holiday, seating_capacity, category_id) VALUES (30, '侍', 'restaurant10.jpg', '最寄り駅から徒歩10分。', 1000, 6000, '640-8319', '愛知県名古屋市中村区椿町X-XX-XX', '10:00~21:00', '水', 42, 1);
INSERT IGNORE INTO restaurants (id, name, image_name, description, lowest_price, highest_price, postal_code, address, opening_time, regular_holiday, seating_capacity, category_id) VALUES (31, 'なごや 侍', 'restaurant01.jpg', '最寄り駅から徒歩10分。', 6000, 10000, '689-2203', '愛知県名古屋市中村区椿町X-XX-XX', '10:00~21:00', '水', 42, 1);

-- rolesテーブル
INSERT IGNORE INTO roles (id, name) VALUES (1, 'ROLE_GENERAL');
INSERT IGNORE INTO roles (id, name) VALUES (2, 'ROLE_ADMIN');

-- usersテーブル
INSERT IGNORE INTO users (id, name, furigana, email, postal_code, address, phone_number, birthday, occupation, password, role_id, enabled) VALUES (1, '侍 太郎', 'サムライ タロウ', 'taro.nagoyameshi@example.com', '101-0022', '東京都千代田区神田練塀町300番地', '090-1234-5678', '1月10日', 'エンジニア', '$2a$10$2JNjTwZBwo7fprL2X4sv.OEKqxnVtsVQvuXDkI8xVGix.U3W5B7CO', 1, true);
INSERT IGNORE INTO users (id, name, furigana, email, postal_code, address, phone_number, birthday, occupation, password, role_id, enabled) VALUES (2, '侍 花子', 'サムライ ハナコ',  'hanako.nagoyameshi@example.com', '101-0022', '東京都千代田区神田練塀町300番地', '090-1234-5678', '1月10日', 'エンジニア', '$2a$10$2JNjTwZBwo7fprL2X4sv.OEKqxnVtsVQvuXDkI8xVGix.U3W5B7CO', 2, true);
INSERT IGNORE INTO users (id, name, furigana, email, postal_code, address, phone_number, birthday, occupation, password, role_id, enabled) VALUES (3, '侍 義勝', 'サムライ ヨシカツ','yoshikatsu.nagoyameshi@example.com', '638-0644', '奈良県五條市西吉野町湯川X-XX-XX', '090-1234-5678', '1月10日', 'エンジニア', 'password', 1, false);
INSERT IGNORE INTO users (id, name, furigana, email, postal_code, address, phone_number, birthday, occupation, password, role_id, enabled) VALUES (4, '侍 幸美', 'サムライ サチミ', 'sachimi.nagoyameshi@example.com', '342-0006', '埼玉県吉川市南広島X-XX-XX', '090-1234-5678','1月10日', 'エンジニア','password', 1, false);
INSERT IGNORE INTO users (id, name, furigana, email, postal_code, address, phone_number, birthday, occupation, password, role_id, enabled) VALUES (5, '侍 雅', 'サムライ ミヤビ', 'miyabi.nagoyameshi@example.com', '527-0209', '滋賀県東近江市佐目町X-XX-XX', '090-1234-5678', '1月10日', 'エンジニア','password', 1, false);
INSERT IGNORE INTO users (id, name, furigana, email, postal_code, address, phone_number, birthday, occupation, password, role_id, enabled) VALUES (6, '侍 正保', 'サムライ マサヤス', 'masayasu.nagoyameshi@example.com', '989-1203', '宮城県柴田郡大河原町旭町X-XX-XX', '090-1234-5678', '1月10日', 'エンジニア', 'password', 1, false);
INSERT IGNORE INTO users (id, name, furigana, email, postal_code, address, phone_number, birthday, occupation, password, role_id, enabled) VALUES (7, '侍 真由美', 'サムライ マユミ', 'mayumi.nagoyameshi@example.com', '951-8015', '新潟県新潟市松岡町X-XX-XX', '090-1234-5678', '1月10日', 'エンジニア', 'password', 1, false);
INSERT IGNORE INTO users (id, name, furigana, email, postal_code, address, phone_number, birthday, occupation, password, role_id, enabled) VALUES (8, '侍 安民', 'サムライ ヤスタミ', 'yasutami.nagoyameshi@example.com', '241-0033', '神奈川県横浜市旭区今川町X-XX-XX', '090-1234-5678', '1月10日', 'エンジニア', 'password', 1, false);
INSERT IGNORE INTO users (id, name, furigana, email, postal_code, address, phone_number, birthday, occupation, password, role_id, enabled) VALUES (9, '侍 章緒', 'サムライ アキオ', 'akio.nagoyameshi@example.com', '739-2103', '広島県東広島市高屋町宮領X-XX-XX', '090-1234-5678', '1月10日', 'エンジニア', 'password', 1, false);
INSERT IGNORE INTO users (id, name, furigana, email, postal_code, address, phone_number, birthday, occupation, password, role_id, enabled) VALUES (10, '侍 祐子', 'サムライ ユウコ',  'yuko.nagoyameshi@example.com', '601-0761', '京都府南丹市美山町高野X-XX-XX', '090-1234-5678', '1月10日', 'エンジニア', 'password', 1, false);
INSERT IGNORE INTO users (id, name, furigana, email, postal_code, address, phone_number, birthday, occupation, password, role_id, enabled) VALUES (11, '侍 秋美', 'サムライ アキミ', 'akimi.nagoyameshi@example.com', '606-8235', '京都府京都市左京区田中西春菜町X-XX-XX', '090-1234-5678', '1月10日', 'エンジニア', 'password', 1, false);
INSERT IGNORE INTO users (id, name, furigana, email, postal_code, address, phone_number, birthday, occupation, password, role_id, enabled) VALUES (12, '侍 信平', 'サムライ シンペイ', 'shinpei.nagoyameshi@example.com', '673-1324', '兵庫県加東市新定X-XX-XX', '090-1234-5678', '1月10日', 'エンジニア', 'password', 1, false);

-- reservationsテーブル
INSERT IGNORE INTO reservations (id, restaurant_id, user_id, reservation_date, reservation_time, number_of_people) VALUES (1, 1, 1, '2023-04-01', '17:00:00', 2);
INSERT IGNORE INTO reservations (id, restaurant_id, user_id, reservation_date, reservation_time, number_of_people) VALUES (2, 2, 1, '2023-04-01', '17:00:00', 3);
INSERT IGNORE INTO reservations (id, restaurant_id, user_id, reservation_date, reservation_time, number_of_people) VALUES (3, 3, 1, '2023-04-01', '17:00:00', 4);
INSERT IGNORE INTO reservations (id, restaurant_id, user_id, reservation_date, reservation_time, number_of_people) VALUES (4, 4, 1, '2023-04-01', '17:00:00', 5);
INSERT IGNORE INTO reservations (id, restaurant_id, user_id, reservation_date, reservation_time, number_of_people) VALUES (5, 5, 1, '2023-04-01', '17:00:00', 6);
INSERT IGNORE INTO reservations (id, restaurant_id, user_id, reservation_date, reservation_time, number_of_people) VALUES (6, 6, 1, '2023-04-01', '17:00:00', 2);
INSERT IGNORE INTO reservations (id, restaurant_id, user_id, reservation_date, reservation_time, number_of_people) VALUES (7, 7, 1, '2023-04-01', '17:00:00', 3);
INSERT IGNORE INTO reservations (id, restaurant_id, user_id, reservation_date, reservation_time, number_of_people) VALUES (8, 8, 1, '2023-04-01', '17:00:00', 4);
INSERT IGNORE INTO reservations (id, restaurant_id, user_id, reservation_date, reservation_time, number_of_people) VALUES (9, 9, 1, '2023-04-01', '17:00:00', 5);
INSERT IGNORE INTO reservations (id, restaurant_id, user_id, reservation_date, reservation_time, number_of_people) VALUES (10, 10, 1, '2023-04-01', '17:00:00', 6);
INSERT IGNORE INTO reservations (id, restaurant_id, user_id, reservation_date, reservation_time, number_of_people) VALUES (11, 11, 1, '2023-04-01', '17:00:00', 2);

-- reviewテーブル
INSERT IGNORE INTO review (id, restaurant_id, user_id, star, review) VALUES (1,12,1,1,'とても美味しかった。');
INSERT IGNORE INTO review (id, restaurant_id, user_id, star, review) VALUES (2,1,2,2,'また利用したいです。');
INSERT IGNORE INTO review (id, restaurant_id, user_id, star, review) VALUES (3,2,3,3,'お店がとても綺麗でした。');
INSERT IGNORE INTO review (id, restaurant_id, user_id, star, review) VALUES (4,1,4,4,'とても素敵な時間が過ごせました。');
INSERT IGNORE INTO review (id, restaurant_id, user_id, star, review) VALUES (5,3,5,5,'アクセスが良い。');
INSERT IGNORE INTO review (id, restaurant_id, user_id, star, review) VALUES (6,1,6,1,'観光で食べに来ました。最高でした。');
INSERT IGNORE INTO review (id, restaurant_id, user_id, star, review) VALUES (7,4,7,2,'スタッフが親切でした。');
INSERT IGNORE INTO review (id, restaurant_id, user_id, star, review) VALUES (8,1,8,3,'幸せな時間になりました。');
INSERT IGNORE INTO review (id, restaurant_id, user_id, star, review) VALUES (9,5,9,4,'駅から近い。');
INSERT IGNORE INTO review (id, restaurant_id, user_id, star, review) VALUES (10,1,10,5,'おしゃれでした。');
INSERT IGNORE INTO review (id, restaurant_id, user_id, star, review) VALUES (11,6,11,1,'お酒が充実してました。');
INSERT IGNORE INTO review (id, restaurant_id, user_id, star, review) VALUES (12,1,12,2,'また行きたいお店です。');
INSERT IGNORE INTO review (id, restaurant_id, user_id, star, review) VALUES (1,7,1,1,'	とても美味しかった。');
INSERT IGNORE INTO review (id, restaurant_id, user_id, star, review) VALUES (2,1,2,2,'また利用したいです。');
INSERT IGNORE INTO review (id, restaurant_id, user_id, star, review) VALUES (3,8,3,3,'お店がとても綺麗でした。');
INSERT IGNORE INTO review (id, restaurant_id, user_id, star, review) VALUES (4,1,4,4,'とても素敵な時間が過ごせました。');
INSERT IGNORE INTO review (id, restaurant_id, user_id, star, review) VALUES (5,9,5,5,'アクセスが良い。');
INSERT IGNORE INTO review (id, restaurant_id, user_id, star, review) VALUES (6,1,6,1,'観光で食べに来ました。最高でした。');
INSERT IGNORE INTO review (id, restaurant_id, user_id, star, review) VALUES (7,10,7,2,'スタッフが親切でした。');
INSERT IGNORE INTO review (id, restaurant_id, user_id, star, review) VALUES (8,1,8,3,'幸せな時間になりました。');
INSERT IGNORE INTO review (id, restaurant_id, user_id, star, review) VALUES (9,11,9,4,'駅から近い。');
INSERT IGNORE INTO review (id, restaurant_id, user_id, star, review) VALUES (10,1,10,5,'おしゃれでした。');
INSERT IGNORE INTO review (id, restaurant_id, user_id, star, review) VALUES (11,1,11,1,'お酒が充実してました。');
INSERT IGNORE INTO review (id, restaurant_id, user_id, star, review) VALUES (12,1,12,2,'また行きたいお店です。');
INSERT IGNORE INTO review (id, restaurant_id, user_id, star, review) VALUES (1,10,1,1,'とても美味しかった。');
INSERT IGNORE INTO review (id, restaurant_id, user_id, star, review) VALUES (2,12,2,2,'また利用したいです。');
INSERT IGNORE INTO review (id, restaurant_id, user_id, star, review) VALUES (3,4,3,3,'お店がとても綺麗でした。');
INSERT IGNORE INTO review (id, restaurant_id, user_id, star, review) VALUES (4,5,4,4,'とても素敵な時間が過ごせました。');
INSERT IGNORE INTO review (id, restaurant_id, user_id, star, review) VALUES (5,2,5,5,'アクセスが良い。');
INSERT IGNORE INTO review (id, restaurant_id, user_id, star, review) VALUES (6,5,6,1,'観光で食べに来ました。最高でした。');
INSERT IGNORE INTO review (id, restaurant_id, user_id, star, review) VALUES (7,10,7,2,'スタッフが親切でした。');
INSERT IGNORE INTO review (id, restaurant_id, user_id, star, review) VALUES (8,4,8,3,'幸せな時間になりました。');
INSERT IGNORE INTO review (id, restaurant_id, user_id, star, review) VALUES (9,3,9,4,'駅から近い。');
INSERT IGNORE INTO review (id, restaurant_id, user_id, star, review) VALUES (10,12,10,5,'おしゃれでした。');
INSERT IGNORE INTO review (id, restaurant_id, user_id, star, review) VALUES (11,3,11,1,'お酒が充実してました。');
INSERT IGNORE INTO review (id, restaurant_id, user_id, star, review) VALUES (12,2,12,2,'また行きたいお店です。');
INSERT IGNORE INTO review (id, restaurant_id, user_id, star, review) VALUES (1,4,1,1,'	とても美味しかった。');
INSERT IGNORE INTO review (id, restaurant_id, user_id, star, review) VALUES (2,5,2,2,'また利用したいです。');
INSERT IGNORE INTO review (id, restaurant_id, user_id, star, review) VALUES (3,6,3,3,'お店がとても綺麗でした。');
INSERT IGNORE INTO review (id, restaurant_id, user_id, star, review) VALUES (4,7,4,4,'とても素敵な時間が過ごせました。');
INSERT IGNORE INTO review (id, restaurant_id, user_id, star, review) VALUES (5,8,5,5,'アクセスが良い。');
INSERT IGNORE INTO review (id, restaurant_id, user_id, star, review) VALUES (6,9,6,1,'観光で食べに来ました。最高でした。');
INSERT IGNORE INTO review (id, restaurant_id, user_id, star, review) VALUES (7,11,7,2,'スタッフが親切でした。');
INSERT IGNORE INTO review (id, restaurant_id, user_id, star, review) VALUES (8,12,8,3,'幸せな時間になりました。');
INSERT IGNORE INTO review (id, restaurant_id, user_id, star, review) VALUES (9,10,9,4,'駅から近い。');
INSERT IGNORE INTO review (id, restaurant_id, user_id, star, review) VALUES (10,2,10,5,'おしゃれでした。');
INSERT IGNORE INTO review (id, restaurant_id, user_id, star, review) VALUES (11,5,11,1,'お酒が充実してました。');
INSERT IGNORE INTO review (id, restaurant_id, user_id, star, review) VALUES (12,2,12,2,'また行きたいお店です。');

--favoritesテーブル
DELETE FROM favorites;
INSERT IGNORE INTO favorites (id, restaurant_id, user_id) VALUES (1, 1, 1);
INSERT IGNORE INTO favorites (id, restaurant_id, user_id) VALUES (2, 2, 1);
INSERT IGNORE INTO favorites (id, restaurant_id, user_id) VALUES (3, 3, 1);
INSERT IGNORE INTO favorites (id, restaurant_id, user_id) VALUES (4, 4, 1);
INSERT IGNORE INTO favorites (id, restaurant_id, user_id) VALUES (5, 5, 1);
INSERT IGNORE INTO favorites (id, restaurant_id, user_id) VALUES (6, 6, 1);
INSERT IGNORE INTO favorites (id, restaurant_id, user_id) VALUES (7, 7, 1);
INSERT IGNORE INTO favorites (id, restaurant_id, user_id) VALUES (8, 8, 1);
INSERT IGNORE INTO favorites (id, restaurant_id, user_id) VALUES (9, 9, 1);
INSERT IGNORE INTO favorites (id, restaurant_id, user_id) VALUES (10, 10, 1);
INSERT IGNORE INTO favorites (id, restaurant_id, user_id) VALUES (11, 11, 1);